outcome,real_att,p_empirical
arrest_rate,0.0112316549056867,0.558
clear_rate,0.00228871620534322,0.906
