crime_type,actual_2024,predicted_mean,predicted_q025,predicted_q975,in_95_ci,error,pct_error
violent_crime_rate,359.1,341.1100473823426,252.13913896604407,446.4599779311705,TRUE,17.989952617657423,5.0097333939452575
property_crime_rate,1760.1,1869.0944555973579,1671.0726099623103,2097.9703583346827,TRUE,-108.99445559735796,-6.19251494786421
murder_rate,5,4.6208153846454465,3.0815548667655572,6.651643890912302,TRUE,0.3791846153545535,7.583692307091069
